Afghanistan	Dari	21
Afghanistan	English	6
Afghanistan	Pashtu	3
Afghanistan	Persian	9
Albania	Albanian	81
Albania	Czech	1
Albania	English	3
Albania	French	1
Albania	Italian	2
Algeria	Arabic	47
Algeria	Berber	2
Algeria	English	1
Algeria	French	24
Algeria	German	1
Algeria	Turkish	1
American Samoa	English	1
American Samoa	Samoan	1
Andorra	English	1
Angola	English	1
Angola	French	1
Angola	Nyaneka	1
Angola	Portuguese	15
Angola	Spanish	1
Antigua and Barbuda	English	7
Argentina	Aboriginal	1
Argentina	Arabic	1
Argentina	Catalan	1
Argentina	English	73
Argentina	French	3
Argentina	Galician	1
Argentina	German	8
Argentina	Guarani	1
Argentina	Hindi	1
Argentina	Italian	5
Argentina	Japanese	1
Argentina	Korean	1
Argentina	None	1
Argentina	Portuguese	6
Argentina	Quechua	1
Argentina	Sign Languages	1
Argentina	Spanish	2625
Argentina	Turkish	1
Argentina	Welsh	1
Armenia	Armenian	77
Armenia	Czech	1
Armenia	English	10
Armenia	French	1
Armenia	Kurdish	1
Armenia	None	1
Armenia	Russian	5
Armenia	Spanish	6
Armenia	Turkish	1
Aruba	English	7
Aruba	Papiamento	1
Australia	Aboriginal	7
Australia	Albanian	1
Australia	Arabic	3
Australia	Bengali	1
Australia	Cantonese	1
Australia	Central Khmer	1
Australia	Chinese	3
Australia	Croatian	1
Australia	Dzongkha	2
Australia	English	2283
Australia	French	5
Australia	German	3
Australia	Greek	1
Australia	Hassanya	1
Australia	Hindi	9
Australia	Indonesian	4
Australia	Italian	2
Australia	Japanese	3
Australia	Khmer	1
Australia	Korean	1
Australia	Lao	1
Australia	Mandarin	3
Australia	Nepali	1
Australia	None	1
Australia	Pashtu	1
Australia	Persian	3
Australia	Polish	1
Australia	Portuguese	1
Australia	Punjabi	2
Australia	Russian	1
Australia	Spanish	6
Australia	Swedish	1
Australia	Tagalog	2
Australia	Tamil	1
Australia	Tok Pisin	1
Australia	Turkish	1
Australia	Ukrainian	1
Australia	Vietnamese	2
Austria	Albanian	3
Austria	Arabic	3
Austria	Bosnian	1
Austria	Bulgarian	1
Austria	Cantonese	1
Austria	Chinese	1
Austria	Czech	2
Austria	Danish	1
Austria	Dari	1
Austria	Dzongkha	1
Austria	English	158
Austria	French	13
Austria	Georgian	1
Austria	German	757
Austria	Hebrew	4
Austria	Hindi	1
Austria	Indonesian	1
Austria	Italian	7
Austria	Japanese	1
Austria	Korean	2
Austria	Kurdish	4
Austria	Kyrgyz	1
Austria	None	3
Austria	Pashtu	1
Austria	Persian	4
Austria	Polish	1
Austria	Portuguese	2
Austria	Romanian	4
Austria	Romany	1
Austria	Russian	10
Austria	Serbian	1
Austria	Serbo-Croatian	1
Austria	Slovak	2
Austria	Spanish	12
Austria	Swedish	1
Austria	Swiss German	2
Austria	Thai	1
Austria	Tibetan	1
Austria	Turkish	6
Austria	Vietnamese	1
Azerbaijan	Azerbaijani	28
Azerbaijan	Azeri	32
Azerbaijan	English	2
Azerbaijan	Russian	6
Azerbaijan	Turkish	1
Bahamas	English	24
Bahamas	French	1
Bahrain	Arabic	7
Bahrain	English	4
Bahrain	Malayalam	1
Bangladesh	Bengali	328
Bangladesh	English	8
Bangladesh	Urdu	1
Barbados	English	10
Belarus	Belarusian	4
Belarus	English	2
Belarus	German	1
Belarus	Russian	59
Belgium	Afrikaans	1
Belgium	Albanian	1
Belgium	Amharic	1
Belgium	Arabic	15
Belgium	Aramaic	1
Belgium	Armenian	1
Belgium	Bambara	1
Belgium	Bulgarian	2
Belgium	Chinese	1
Belgium	Creole	2
Belgium	Dari	1
Belgium	Dutch	276
Belgium	English	132
Belgium	Flemish	35
Belgium	French	404
Belgium	German	6
Belgium	Greek	1
Belgium	Hebrew	3
Belgium	Hungarian	2
Belgium	Indonesian	1
Belgium	Italian	8
Belgium	Japanese	6
Belgium	Korean	4
Belgium	Lingala	1
Belgium	Macedonian	1
Belgium	Mandarin	1
Belgium	Mongolian	2
Belgium	Persian	1
Belgium	Polish	2
Belgium	Portuguese	3
Belgium	Quechua	1
Belgium	Romanian	5
Belgium	Russian	3
Belgium	Serbian	1
Belgium	Serbo-Croatian	2
Belgium	Spanish	16
Belgium	Swahili	2
Belgium	Tamil	1
Belgium	Vietnamese	1
Belgium	Yiddish	1
Belize	Creole	1
Belize	English	2
Benin	French	8
Bermuda	English	3
Bhutan	Dzongkha	14
Bhutan	English	2
Bhutan	Hindi	1
Bhutan	Tibetan	1
Bolivia	English	4
Bolivia	Quechua	1
Bolivia	Spanish	60
Bosnia and Herzegovina	Arabic	1
Bosnia and Herzegovina	Armenian	1
Bosnia and Herzegovina	Bosnian	39
Bosnia and Herzegovina	Bulgarian	1
Bosnia and Herzegovina	Croatian	2
Bosnia and Herzegovina	English	13
Bosnia and Herzegovina	French	1
Bosnia and Herzegovina	None	1
Bosnia and Herzegovina	Serbian	9
Bosnia and Herzegovina	Serbo-Croatian	10
Bosnia and Herzegovina	Slovenian	1
Botswana	English	1
Brazil	Arabic	1
Brazil	Armenian	1
Brazil	Brazilian Sign Language	7
Brazil	Creole	1
Brazil	Danish	1
Brazil	English	73
Brazil	French	7
Brazil	German	1
Brazil	Italian	2
Brazil	Japanese	3
Brazil	Mandarin	1
Brazil	None	1
Brazil	Portuguese	2297
Brazil	Russian	1
Brazil	Spanish	26
Brazil	Tupi	1
Brazil	Yoruba	1
Brunei Darussalam	Malay	1
Bulgaria	Bulgarian	446
Bulgaria	Burmese	1
Bulgaria	English	26
Bulgaria	French	1
Bulgaria	German	1
Bulgaria	Greek	1
Bulgaria	Hindi	1
Bulgaria	Hungarian	1
Bulgaria	Russian	2
Bulgaria	Turkish	1
Burkina Faso	Bambara	2
Burkina Faso	Dioula	4
Burkina Faso	French	31
Burkina Faso	More	7
Burkina Faso	Peul	1
Burma	Burmese	3
Burundi	French	1
Burundi	Kirundi	2
Cambodia	Central Khmer	11
Cambodia	English	10
Cambodia	French	2
Cambodia	Khmer	23
Cambodia	Thai	1
Cameroon	Creoles and pidgins	1
Cameroon	English	7
Cameroon	French	25
Canada	Aboriginal	1
Canada	Afrikaans	1
Canada	American Sign Language	1
Canada	Arabic	17
Canada	Armenian	3
Canada	Bosnian	1
Canada	Bulgarian	4
Canada	Cantonese	6
Canada	Catalan	2
Canada	Chinese	15
Canada	Cree	1
Canada	Creole	1
Canada	Creoles and pidgins	1
Canada	Czech	1
Canada	Danish	1
Canada	Dari	1
Canada	Dutch	1
Canada	English	5066
Canada	Filipino	3
Canada	Finnish	1
Canada	French	1054
Canada	German	6
Canada	Greek	3
Canada	Hebrew	2
Canada	Hindi	14
Canada	Hungarian	3
Canada	Icelandic	1
Canada	Inuktitut	10
Canada	Italian	1
Canada	Japanese	8
Canada	Khmer	1
Canada	Korean	3
Canada	Kurdish	2
Canada	Mandarin	8
Canada	Marathi	1
Canada	Nepali	1
Canada	None	6
Canada	North American Indian	2
Canada	Norwegian	1
Canada	Ojibwa	1
Canada	Persian	14
Canada	Punjabi	10
Canada	Romanian	1
Canada	Russian	10
Canada	Serbo-Croatian	1
Canada	Spanish	42
Canada	Tajik	1
Canada	Tamil	6
Canada	Telugu	2
Canada	Thai	1
Canada	Turkish	1
Canada	Urdu	3
Canada	Vietnamese	3
Canada	Yiddish	1
Cape Verde	Creole	1
Cayman Islands	English	2
Cayman Islands	Flemish	1
Chad	Arabic	2
Chad	French	2
Chile	English	27
Chile	French	2
Chile	German	1
Chile	Hebrew	1
Chile	Polish	1
Chile	Spanish	543
China	Arabic	1
China	Cantonese	58
China	Chinese	507
China	Dutch	1
China	English	101
China	Filipino	1
China	French	2
China	Hmong	2
China	Japanese	10
China	Korean	6
China	Mandarin	1294
China	Mongolian	3
China	None	1
China	Russian	3
China	Shanghainese	5
China	Shanxi	2
China	Spanish	1
China	Tibetan	15
China	Vietnamese	1
Colombia	Creole	2
Colombia	English	11
Colombia	Italian	1
Colombia	Portuguese	2
Colombia	Russian	1
Colombia	Spanish	297
Congo	English	1
Congo	French	1
Congo	Lingala	1
Costa Rica	English	9
Costa Rica	Spanish	50
Croatia	Arabic	1
Croatia	Bosnian	2
Croatia	Bulgarian	1
Croatia	Croatian	193
Croatia	Czech	1
Croatia	Dutch	1
Croatia	English	16
Croatia	French	1
Croatia	German	3
Croatia	Italian	1
Croatia	Portuguese	1
Croatia	Serbian	14
Croatia	Serbo-Croatian	34
Croatia	Slovenian	2
Croatia	Spanish	1
Cuba	English	7
Cuba	Portuguese	1
Cuba	Spanish	161
Cyprus	Arabic	1
Cyprus	English	15
Cyprus	Greek	45
Cyprus	Turkish	1
Czech Republic	Basque	1
Czech Republic	Catalan	1
Czech Republic	Czech	576
Czech Republic	Dari	1
Czech Republic	English	52
Czech Republic	French	4
Czech Republic	German	10
Czech Republic	Hebrew	1
Czech Republic	Hungarian	2
Czech Republic	Italian	1
Czech Republic	Korean	1
Czech Republic	None	2
Czech Republic	Polish	1
Czech Republic	Romany	1
Czech Republic	Russian	5
Czech Republic	Serbo-Croatian	1
Czech Republic	Slovak	15
Czech Republic	Spanish	4
Czech Republic	Ukrainian	4
Czechoslovakia	Arabic	1
Czechoslovakia	Bulgarian	1
Czechoslovakia	Chechen	1
Czechoslovakia	Czech	324
Czechoslovakia	English	1
Czechoslovakia	French	2
Czechoslovakia	German	1
Czechoslovakia	Italian	1
Czechoslovakia	Polish	2
Czechoslovakia	Russian	3
Czechoslovakia	Slovak	78
Democratic Republic of the Congo	English	4
Democratic Republic of the Congo	French	5
Democratic Republic of the Congo	Lingala	1
Denmark	Arabic	7
Denmark	Bosnian	1
Denmark	Burmese	1
Denmark	Chinese	1
Denmark	Danish	725
Denmark	Dari	2
Denmark	Dutch	2
Denmark	English	138
Denmark	Estonian	1
Denmark	Faroese	3
Denmark	French	6
Denmark	German	6
Denmark	Greenlandic	2
Denmark	Haitian	1
Denmark	Hindi	1
Denmark	Indonesian	1
Denmark	Italian	1
Denmark	Japanese	2
Denmark	Latvian	1
Denmark	Mandarin	2
Denmark	Norwegian	4
Denmark	Persian	2
Denmark	Polish	1
Denmark	Portuguese	1
Denmark	Russian	7
Denmark	Saami	1
Denmark	Scanian	1
Denmark	Serbian	1
Denmark	Serbo-Croatian	1
Denmark	Shona	1
Denmark	Spanish	8
Denmark	Swedish	13
Denmark	Tamil	2
Denmark	Urdu	1
Dominica	English	1
Dominican Republic	English	6
Dominican Republic	Spanish	160
East Germany	German	184
East Germany	Russian	3
Ecuador	English	3
Ecuador	French	1
Ecuador	Russian	1
Ecuador	Spanish	91
Egypt	Arabic	477
Egypt	Egyptian (Ancient)	2
Egypt	English	13
Egypt	French	2
El Salvador	English	2
El Salvador	Spanish	13
Eritrea	Tigrigna	2
Estonia	Arabic	1
Estonia	English	10
Estonia	Estonian	130
Estonia	Finnish	1
Estonia	German	1
Estonia	Latvian	1
Estonia	Norwegian	1
Estonia	Polish	1
Estonia	Russian	10
Ethiopia	Amharic	10
Ethiopia	English	3
Faroe Islands	Faroese	2
Federal Republic of Yugoslavia	English	2
Federal Republic of Yugoslavia	Hungarian	1
Federal Republic of Yugoslavia	Romany	1
Federal Republic of Yugoslavia	Serbian	75
Federal Republic of Yugoslavia	Serbo-Croatian	3
Fiji	English	4
Fiji	Hindi	1
Finland	Bulgarian	1
Finland	Chinese	2
Finland	English	59
Finland	Estonian	8
Finland	Filipino	1
Finland	Finnish	708
Finland	French	3
Finland	Georgian	1
Finland	German	6
Finland	Gujarati	1
Finland	Hindi	1
Finland	Italian	1
Finland	Mandarin	1
Finland	Nenets	3
Finland	Persian	1
Finland	Russian	11
Finland	Saami	1
Finland	Spanish	3
Finland	Swedish	29
France	Aboriginal	1
France	Acholi	1
France	Albanian	2
France	Arabic	108
France	Armenian	7
France	Bambara	6
France	Bengali	2
France	Bosnian	2
France	Bulgarian	3
France	Burmese	1
France	Cantonese	2
France	Catalan	2
France	Central Khmer	4
France	Chechen	1
France	Chinese	8
France	Corsican	1
France	Creole	3
France	Czech	3
France	Danish	1
France	Dutch	5
France	Dyula	1
France	Dzongkha	1
France	English	734
France	Esperanto	1
France	Filipino	3
France	French	6690
France	French Sign Language	1
France	Fula	1
France	Gaelic	1
France	Georgian	6
France	German	44
France	Greek	11
France	Haitian	3
France	Hebrew	25
France	Hindi	3
France	Hungarian	4
France	Icelandic	2
France	Indonesian	1
France	Inuktitut	2
France	Italian	46
France	Japanese	25
France	Kaado	1
France	Kabyle	2
France	Kazakh	4
France	Khmer	6
France	Korean	7
France	Kriolu	1
France	Kurdish	5
France	Kyrgyz	2
France	Ladakhi	1
France	Latin	1
France	Lingala	3
France	Lithuanian	1
France	Macedonian	1
France	Malagasy	7
France	Malayalam	1
France	Malinka	1
France	Mandarin	21
France	Mongolian	2
France	More	1
France	Nepali	1
France	None	21
France	Norwegian	1
France	Occitan	5
France	Ojihimba	1
France	Parsee	1
France	Pashtu	1
France	Persian	17
France	Peul	1
France	Polish	5
France	Portuguese	33
France	Quechua	1
France	Romanian	10
France	Russian	35
France	Serbian	2
France	Serbo-Croatian	4
France	Slovenian	1
France	Somali	1
France	Sousson	1
France	Spanish	96
France	Swahili	1
France	Swiss German	1
France	Tagalog	1
France	Tamil	2
France	Tibetan	2
France	Turkish	9
France	Ukrainian	2
France	Urdu	1
France	Uzbek	1
France	Vietnamese	4
France	Visayan	1
France	Wolof	2
France	Yiddish	1
France	Zulu	1
French Polynesia	English	1
Gabon	English	1
Gabon	French	4
Gambia	English	2
Georgia	English	15
Georgia	French	4
Georgia	Georgian	199
Georgia	Russian	4
Georgia	Spanish	1
Germany	Acholi	1
Germany	Afrikaans	2
Germany	Albanian	3
Germany	Amharic	1
Germany	Arabic	31
Germany	Armenian	3
Germany	Bengali	7
Germany	Berber	1
Germany	Bosnian	1
Germany	Bulgarian	3
Germany	Burmese	4
Germany	Cantonese	1
Germany	Catalan	1
Germany	Chinese	7
Germany	Croatian	1
Germany	Czech	1
Germany	Danish	2
Germany	Dari	6
Germany	Dutch	9
Germany	English	972
Germany	Finnish	3
Germany	Flemish	1
Germany	French	42
Germany	Georgian	8
Germany	German	4197
Germany	Greek	13
Germany	Hebrew	16
Germany	Hindi	5
Germany	Hungarian	8
Germany	Icelandic	5
Germany	Indonesian	1
Germany	Italian	31
Germany	Japanese	5
Germany	Ju'hoan	1
Germany	Kazakh	3
Germany	Kinyarwanda	1
Germany	Korean	3
Germany	Kurdish	8
Germany	Kyrgyz	1
Germany	Latin	1
Germany	Latvian	1
Germany	Letzebuergesh	2
Germany	Lingala	2
Germany	Lithuanian	1
Germany	Low German	1
Germany	Macedonian	3
Germany	Mandarin	4
Germany	Mongolian	6
Germany	More	1
Germany	None	11
Germany	Norwegian	2
Germany	Persian	13
Germany	Polish	13
Germany	Portuguese	13
Germany	Punjabi	1
Germany	Romanian	22
Germany	Romany	1
Germany	Russian	62
Germany	Serbian	4
Germany	Serbo-Croatian	3
Germany	Sign Languages	1
Germany	Sinhala	2
Germany	Slovak	3
Germany	Slovenian	1
Germany	Somali	1
Germany	Spanish	73
Germany	Swahili	1
Germany	Swedish	3
Germany	Swiss German	4
Germany	Tamil	2
Germany	Thai	2
Germany	Tibetan	3
Germany	Tigrigna	1
Germany	Turkish	34
Germany	Ukrainian	8
Germany	Vietnamese	4
Germany	Wolof	1
Ghana	Creole	1
Ghana	English	27
Gibraltar	English	1
Greece	Albanian	2
Greece	Amharic	1
Greece	Arabic	1
Greece	English	65
Greece	French	4
Greece	Galician	1
Greece	German	3
Greece	Greek	1282
Greece	Greek, Ancient (to 1453)	1
Greece	Italian	2
Greece	Kabuverdianu	1
Greece	None	1
Greece	Portuguese	1
Greece	Russian	1
Greece	Serbian	1
Greece	Spanish	1
Greece	Turkish	5
Greenland	Danish	3
Greenland	Greenlandic	5
Greenland	North American Indian	1
Grenada	English	1
Guadeloupe	Creole	1
Guadeloupe	English	1
Guadeloupe	French	5
Guam	English	6
Guam	Filipino	1
Guatemala	English	2
Guatemala	Maya	3
Guatemala	Spanish	32
Guinea	English	1
Guinea	French	3
Guinea	Malinka	1
Guinea-Bissau	Creole	1
Guinea-Bissau	Kriolu	2
Guinea-Bissau	Mandingo	1
Guinea-Bissau	Portuguese	5
Guyana	English	1
Haiti	Creole	9
Haiti	English	5
Haiti	French	8
Haiti	Haitian	5
Haiti	Spanish	1
Honduras	English	3
Honduras	Spanish	10
Hong Kong	Arabic	1
Hong Kong	Burmese	1
Hong Kong	Cantonese	2267
Hong Kong	Chinese	25
Hong Kong	English	156
Hong Kong	Filipino	1
Hong Kong	French	3
Hong Kong	German	2
Hong Kong	Icelandic	1
Hong Kong	Indonesian	1
Hong Kong	Italian	1
Hong Kong	Japanese	6
Hong Kong	Korean	5
Hong Kong	Mandarin	260
Hong Kong	Mongolian	2
Hong Kong	Nepali	1
Hong Kong	Rajasthani	1
Hong Kong	Spanish	1
Hong Kong	Taiwanese	1
Hong Kong	Thai	1
Hong Kong	Vietnamese	1
Hungary	Bulgarian	3
Hungary	Cantonese	1
Hungary	English	59
Hungary	Estonian	1
Hungary	Finnish	2
Hungary	French	3
Hungary	German	8
Hungary	Greek	1
Hungary	Hebrew	1
Hungary	Hindi	1
Hungary	Hungarian	894
Hungary	None	1
Hungary	Persian	1
Hungary	Polish	1
Hungary	Romanian	2
Hungary	Russian	6
Hungary	Spanish	3
Hungary	Turkish	1
Iceland	Danish	1
Iceland	English	35
Iceland	French	1
Iceland	Icelandic	177
Iceland	Latvian	1
Iceland	None	2
Iceland	Polish	1
Iceland	Serbian	1
Iceland	Spanish	2
India	Arabic	1
India	Assamese	32
India	Bable	1
India	Bengali	595
India	Berber	1
India	Bhojpuri	24
India	Bodo	2
India	Chhattisgarhi	1
India	Dutch	1
India	English	344
India	German	2
India	Greek	1
India	Gujarati	66
India	Haryanvi	1
India	Himachali	1
India	Hindi	2813
India	Indian Sign Language	2
India	Kannada	389
India	Karbi	1
India	Kashmiri	4
India	Khasi	4
India	Kodava	1
India	Konkani	9
India	Magahi	1
India	Maithili	1
India	Malayalam	983
India	Manipuri	10
India	Marathi	384
India	Nepali	2
India	None	4
India	Oriya	159
India	Persian	2
India	Punjabi	238
India	Rajasthani	11
India	Russian	1
India	Sanskrit	5
India	Sign Languages	1
India	Tamil	848
India	Telugu	732
India	Tibetan	3
India	Tulu	4
India	Urdu	16
Indonesia	Chinese	1
Indonesia	Dutch	1
Indonesia	English	29
Indonesia	Indonesian	857
Indonesia	Japanese	3
Indonesia	Malay	1
Iran	Arabic	10
Iran	Bosnian	1
Iran	Dari	4
Iran	English	19
Iran	French	1
Iran	Italian	1
Iran	Kurdish	9
Iran	None	1
Iran	Parsee	2
Iran	Persian	996
Iran	Turkish	3
Iran	Ukrainian	1
Iraq	Arabic	21
Iraq	English	5
Iraq	Kurdish	31
Iraq	Persian	1
Ireland	Bosnian	1
Ireland	English	605
Ireland	French	4
Ireland	Hindi	1
Ireland	Irish Gaelic	10
Ireland	Japanese	1
Ireland	Malayalam	1
Ireland	Romanian	1
Ireland	Russian	1
Ireland	Spanish	3
Ireland	Swedish	1
Isle of Man	English	6
Israel	Amharic	1
Israel	Arabic	50
Israel	Bulgarian	2
Israel	English	128
Israel	French	13
Israel	Georgian	1
Israel	German	7
Israel	Greek	2
Israel	Hebrew	847
Israel	Hungarian	2
Israel	Japanese	1
Israel	Ladino	1
Israel	Polish	2
Israel	Romanian	1
Israel	Russian	20
Israel	Spanish	4
Israel	Turkish	1
Israel	Vietnamese	1
Israel	Yiddish	6
Italy	Albanian	8
Italy	Arabic	12
Italy	Basque	1
Italy	Bosnian	3
Italy	Bulgarian	2
Italy	Catalan	1
Italy	Central Khmer	1
Italy	Chinese	2
Italy	Dari	2
Italy	Dutch	1
Italy	Egyptian (Ancient)	1
Italy	English	550
Italy	French	46
Italy	Georgian	1
Italy	German	16
Italy	Greek	4
Italy	Greek, Ancient (to 1453)	1
Italy	Haitian	1
Italy	Hebrew	2
Italy	Hindi	5
Italy	Hungarian	3
Italy	Italian	4358
Italy	Japanese	3
Italy	Korean	1
Italy	Kurdish	1
Italy	Lao	1
Italy	Mandarin	3
Italy	Neapolitan	4
Italy	None	4
Italy	Norwegian	2
Italy	Nyanja	1
Italy	Persian	1
Italy	Portuguese	13
Italy	Quechua	1
Italy	Romanian	1
Italy	Romany	1
Italy	Russian	4
Italy	Sardinian	5
Italy	Serbo-Croatian	1
Italy	Sicilian	4
Italy	Slovak	1
Italy	Slovenian	1
Italy	Spanish	40
Italy	Swahili	1
Italy	Tagalog	2
Italy	Tajik	1
Italy	Tibetan	1
Italy	Turkish	5
Italy	Ukrainian	1
Italy	Uzbek	1
Italy	Wolof	1
Ivory Coast	Dioula	1
Ivory Coast	French	15
Jamaica	English	25
Jamaica	Japanese	1
Japan	Abkhazian	1
Japan	Arabic	1
Japan	Cantonese	6
Japan	Chinese	3
Japan	Dutch	1
Japan	English	195
Japan	Filipino	3
Japan	French	4
Japan	German	2
Japan	Hebrew	1
Japan	Hindi	1
Japan	Indonesian	1
Japan	Italian	4
Japan	Japanese	6766
Japan	Korean	9
Japan	Malay	1
Japan	Mandarin	10
Japan	Mongolian	2
Japan	None	2
Japan	Persian	2
Japan	Polish	1
Japan	Portuguese	1
Japan	Romany	1
Japan	Russian	7
Japan	Ryukyuan	2
Japan	Spanish	8
Japan	Tagalog	1
Japan	Taiwanese	1
Japan	Thai	3
Jordan	Arabic	16
Jordan	English	3
Kazakhstan	English	4
Kazakhstan	French	1
Kazakhstan	Kazakh	47
Kazakhstan	None	1
Kazakhstan	Russian	62
Kenya	English	26
Kenya	Swahili	18
Kosovo	Albanian	12
Kosovo	Dutch	1
Kosovo	English	1
Kosovo	German	1
Kuwait	Arabic	20
Kuwait	English	3
Kyrgyzstan	English	1
Kyrgyzstan	Kyrgyz	15
Kyrgyzstan	Russian	10
Laos	English	1
Laos	Lao	7
Latvia	English	14
Latvia	Estonian	1
Latvia	German	2
Latvia	Japanese	1
Latvia	Latvian	87
Latvia	None	1
Latvia	Norwegian	1
Latvia	Russian	9
Latvia	Ukrainian	1
Lebanon	Arabic	96
Lebanon	English	11
Lebanon	French	4
Lebanon	German	1
Lebanon	Persian	1
Lesotho	English	1
Liberia	English	3
Libya	English	2
Liechtenstein	German	2
Liechtenstein	Swiss German	1
Lithuania	Catalan	1
Lithuania	English	7
Lithuania	French	1
Lithuania	Japanese	1
Lithuania	Lithuanian	81
Lithuania	Russian	6
Luxembourg	English	24
Luxembourg	French	20
Luxembourg	German	7
Luxembourg	Indonesian	1
Luxembourg	Italian	1
Luxembourg	Letzebuergesh	14
Luxembourg	Luxembourgish	19
Luxembourg	Polish	1
Luxembourg	Tibetan	1
Luxembourg	Turkish	1
Macao	Cantonese	4
Macao	Chinese	3
Macao	Portuguese	1
Madagascar	French	1
Madagascar	Malagasy	3
Malawi	English	3
Malawi	Nyanja	1
Malaysia	Cantonese	15
Malaysia	Chinese	20
Malaysia	English	46
Malaysia	Filipino	2
Malaysia	Hindi	1
Malaysia	Hokkien	3
Malaysia	Iban	1
Malaysia	Malay	333
Malaysia	Malayalam	1
Malaysia	Mandarin	29
Malaysia	Taiwanese	1
Malaysia	Tamil	14
Malaysia	Thai	2
Maldives	Divehi	7
Mali	Bambara	15
Mali	English	1
Mali	French	6
Mali	More	1
Mali	Songhay	1
Malta	English	6
Malta	Maltese	10
Marshall Islands	Marshallese	4
Martinique	French	1
Mauritania	French	2
Mauritius	Creole	2
Mauritius	French	2
Mauritius	Morisyen	3
Mauritius	Persian	1
Mexico	American Sign Language	1
Mexico	Arabic	1
Mexico	English	128
Mexico	French	1
Mexico	German	2
Mexico	Hebrew	1
Mexico	Italian	2
Mexico	Japanese	2
Mexico	Korean	1
Mexico	Low German	1
Mexico	Maya	1
Mexico	Nahuatl	3
Mexico	Portuguese	1
Mexico	Purépecha	1
Mexico	Spanish	3186
Mexico	Tarahumara	1
Mexico	Thai	1
Moldova	Romanian	9
Moldova	Russian	3
Monaco	English	1
Monaco	French	1
Mongolia	English	3
Mongolia	French	1
Mongolia	Mongolian	27
Mongolia	Russian	1
Montenegro	Serbian	10
Montenegro	Serbo-Croatian	3
Morocco	Arabic	131
Morocco	Berber	4
Morocco	Berber languages	1
Morocco	English	3
Morocco	French	23
Morocco	Portuguese	1
Morocco	Spanish	1
Morocco	Wolof	1
Mozambique	Aboriginal	1
Mozambique	French	1
Mozambique	Portuguese	13
Mozambique	Tswa	1
Myanmar	Burmese	8
Myanmar	English	1
Myanmar	Mandarin	1
Myanmar	Thai	2
Namibia	English	4
Nepal	English	6
Nepal	Finnish	1
Nepal	Limbu	1
Nepal	Nepali	94
Nepal	Romanian	1
Nepal	Tibetan	3
Netherlands	Acholi	1
Netherlands	Albanian	1
Netherlands	Arabic	13
Netherlands	Azeri	1
Netherlands	Chechen	1
Netherlands	Chinese	2
Netherlands	Creole	1
Netherlands	Dutch	1003
Netherlands	English	267
Netherlands	Filipino	1
Netherlands	Finnish	2
Netherlands	Flemish	3
Netherlands	French	19
Netherlands	Frisian	1
Netherlands	Fula	1
Netherlands	German	8
Netherlands	Greek	3
Netherlands	Hebrew	1
Netherlands	Hindi	1
Netherlands	Hungarian	2
Netherlands	Indonesian	5
Netherlands	Italian	9
Netherlands	Japanese	3
Netherlands	Khmer	1
Netherlands	Kurdish	3
Netherlands	Lao	1
Netherlands	Lingala	1
Netherlands	Malay	1
Netherlands	Mandarin	5
Netherlands	None	7
Netherlands	Norwegian	2
Netherlands	Persian	7
Netherlands	Polish	2
Netherlands	Portuguese	10
Netherlands	Romanian	1
Netherlands	Russian	21
Netherlands	Somali	1
Netherlands	Spanish	23
Netherlands	Swahili	1
Netherlands	Thai	1
Netherlands	Turkish	1
Netherlands	Urdu	1
Netherlands	Uzbek	1
Netherlands	Vietnamese	1
Netherlands	Western Frisian	3
Netherlands Antilles	English	1
Netherlands Antilles	Papiamento	1
New Caledonia	French	1
New Zealand	English	466
New Zealand	Hindi	1
New Zealand	Korean	2
New Zealand	Maori	4
New Zealand	Persian	1
New Zealand	Samoan	1
New Zealand	Spanish	1
New Zealand	Swedish	1
Nicaragua	English	4
Nicaragua	Spanish	11
Niger	Bambara	1
Niger	Djerma	1
Niger	English	4
Niger	French	1
Niger	Tamashek	1
Nigeria	English	152
Nigeria	Hausa	1
Nigeria	Ibo	2
Nigeria	Yoruba	8
North Korea	Chinese	1
North Korea	English	1
North Korea	Korean	45
North Korea	Russian	1
Norway	Albanian	1
Norway	Arabic	4
Norway	Belarusian	1
Norway	Danish	1
Norway	English	60
Norway	Estonian	1
Norway	Finnish	2
Norway	German	3
Norway	Hindi	2
Norway	Icelandic	1
Norway	Italian	2
Norway	Japanese	1
Norway	Kirundi	1
Norway	Korean	1
Norway	Kurdish	4
Norway	Norwegian	558
Norway	Pashtu	1
Norway	Persian	1
Norway	Punjabi	1
Norway	Russian	2
Norway	Saami	2
Norway	Spanish	2
Norway	Swedish	8
Norway	Tamil	1
Norway	Thai	1
Norway	Vietnamese	1
Occupied Palestinian Territory	Arabic	41
Occupied Palestinian Territory	English	8
Occupied Palestinian Territory	Hebrew	2
Oman	Arabic	1
Pakistan	Arabic	1
Pakistan	English	10
Pakistan	Hindi	2
Pakistan	Pashtu	5
Pakistan	Punjabi	7
Pakistan	Tibetan	1
Pakistan	Urdu	76
Panama	English	6
Panama	Kuna	1
Panama	Spanish	22
Papua New Guinea	Creoles and pidgins	1
Papua New Guinea	English	3
Paraguay	Guarani	6
Paraguay	Spanish	26
Peru	English	14
Peru	French	1
Peru	None	1
Peru	Quechua	2
Peru	Spanish	159
Philippines	Bicolano	2
Philippines	Bikol	1
Philippines	Chinese	1
Philippines	English	115
Philippines	Filipino	1211
Philippines	French	1
Philippines	German	2
Philippines	Hebrew	1
Philippines	Italian	1
Philippines	Mandarin	2
Philippines	None	1
Philippines	Sign Languages	1
Philippines	Spanish	2
Philippines	Tagalog	211
Philippines	Visayan	3
Poland	Belarusian	2
Poland	Czech	2
Poland	Danish	1
Poland	English	72
Poland	Finnish	1
Poland	French	11
Poland	German	10
Poland	Hungarian	1
Poland	Italian	2
Poland	Japanese	1
Poland	None	1
Poland	Polish	1188
Poland	Portuguese	1
Poland	Russian	12
Poland	Thai	1
Poland	Ukrainian	4
Portugal	Arabic	2
Portugal	Bosnian	1
Portugal	Creole	1
Portugal	Dutch	1
Portugal	English	28
Portugal	Estonian	1
Portugal	French	14
Portugal	German	1
Portugal	Italian	1
Portugal	Japanese	2
Portugal	Kabuverdianu	1
Portugal	Lithuanian	1
Portugal	Mandarin	1
Portugal	Mirandese	1
Portugal	None	1
Portugal	Portuguese	628
Portugal	Spanish	8
Portugal	Swedish	1
Portugal	Turkish	2
Puerto Rico	English	19
Puerto Rico	Portuguese	1
Puerto Rico	Spanish	121
Qatar	Arabic	3
Qatar	Bosnian	1
Qatar	English	2
Qatar	Filipino	1
Qatar	French	1
Republic of Macedonia	English	2
Republic of Macedonia	French	1
Republic of Macedonia	Macedonian	41
Republic of Macedonia	Slovenian	2
Reunion	Creole	1
Reunion	French	1
Romania	Aromanian	2
Romania	English	35
Romania	French	6
Romania	German	1
Romania	Hungarian	5
Romania	Italian	1
Romania	None	1
Romania	Portuguese	1
Romania	Romanian	452
Romania	Romany	1
Romania	Russian	2
Russia	Azeri	1
Russia	Basque	1
Russia	Bulgarian	1
Russia	Chechen	4
Russia	English	65
Russia	French	3
Russia	Georgian	3
Russia	German	4
Russia	Italian	1
Russia	Japanese	3
Russia	Mongolian	1
Russia	None	3
Russia	Portuguese	1
Russia	Romany	1
Russia	Russian	1887
Russia	Russian Sign Language	1
Russia	Saami	1
Russia	Serbian	1
Russia	Spanish	2
Russia	Tatar	2
Russia	Turkish	1
Russia	Uzbek	1
Russia	Yakut	8
Rwanda	English	4
Rwanda	Kinyarwanda	8
Rwanda	Swahili	1
Saint Kitts and Nevis	English	1
Saint Lucia	English	1
San Marino	English	2
Saudi Arabia	Arabic	8
Senegal	Bambara	1
Senegal	Dyula	1
Senegal	English	2
Senegal	French	15
Senegal	Pular	1
Senegal	Wolof	15
Serbia	Bulgarian	1
Serbia	Croatian	1
Serbia	English	13
Serbia	French	2
Serbia	German	1
Serbia	Hungarian	1
Serbia	Romanian	3
Serbia	Serbian	231
Serbia	Serbo-Croatian	7
Serbia	Slovak	1
Serbia and Montenegro	English	2
Serbia and Montenegro	Hungarian	1
Serbia and Montenegro	Italian	1
Serbia and Montenegro	Romany	1
Serbia and Montenegro	Serbian	7
Serbia and Montenegro	Serbo-Croatian	2
Seychelles	English	1
Sierra Leone	English	8
Singapore	Arabic	1
Singapore	Cantonese	5
Singapore	Chinese	14
Singapore	English	99
Singapore	Hindi	1
Singapore	Hokkien	11
Singapore	Indonesian	5
Singapore	Japanese	3
Singapore	Khmer	1
Singapore	Korean	2
Singapore	Malay	6
Singapore	Mandarin	55
Singapore	Nepali	1
Singapore	Portuguese	1
Singapore	Tamil	5
Singapore	Urdu	1
Slovakia	Czech	7
Slovakia	English	15
Slovakia	German	2
Slovakia	Slovak	102
Slovenia	Bosnian	1
Slovenia	English	12
Slovenia	French	2
Slovenia	German	1
Slovenia	Greek	1
Slovenia	Italian	2
Slovenia	Japanese	1
Slovenia	None	2
Slovenia	Serbo-Croatian	2
Slovenia	Slovenian	154
Slovenia	Swedish	1
Slovenia	Ukrainian	1
South Africa	Afrikaans	147
South Africa	American Sign Language	1
South Africa	Amharic	1
South Africa	Arabic	1
South Africa	Armenian	1
South Africa	Bambara	1
South Africa	English	447
South Africa	French	2
South Africa	German	2
South Africa	Hebrew	1
South Africa	Korean	1
South Africa	More	1
South Africa	Portuguese	1
South Africa	Punjabi	1
South Africa	Shona	1
South Africa	Sotho	3
South Africa	Xhosa	11
South Africa	Zulu	36
South Korea	Cantonese	1
South Korea	Chinese	4
South Korea	Dari	1
South Korea	English	57
South Korea	Filipino	2
South Korea	French	1
South Korea	German	1
South Korea	Hindi	2
South Korea	Indonesian	1
South Korea	Japanese	25
South Korea	Karen	3
South Korea	Korean	2807
South Korea	Korean Sign Language	1
South Korea	Mandarin	12
South Korea	Mongolian	1
South Korea	None	3
South Korea	Persian	1
South Korea	Portuguese	1
South Korea	Russian	3
South Korea	Thai	2
South Korea	Tibetan	1
South Korea	Uzbek	1
South Korea	Vietnamese	2
Soviet Union	Armenian	34
Soviet Union	Azerbaijani	12
Soviet Union	Azeri	22
Soviet Union	Belarusian	1
Soviet Union	Bulgarian	1
Soviet Union	English	2
Soviet Union	Estonian	23
Soviet Union	Finnish	1
Soviet Union	French	1
Soviet Union	Georgian	30
Soviet Union	Kazakh	5
Soviet Union	Kyrgyz	4
Soviet Union	Latvian	16
Soviet Union	Lithuanian	25
Soviet Union	Mandarin	1
Soviet Union	Romanian	1
Soviet Union	Romany	1
Soviet Union	Russian	1440
Soviet Union	Spanish	1
Soviet Union	Tajik	2
Soviet Union	Turkmen	4
Soviet Union	Ukrainian	10
Soviet Union	Uzbek	2
Spain	Amharic	1
Spain	Arabic	11
Spain	Basque	42
Spain	Bengali	1
Spain	Berber	2
Spain	Bosnian	1
Spain	Burmese	1
Spain	Catalan	237
Spain	Chinese	3
Spain	Creole	2
Spain	Dari	1
Spain	English	307
Spain	French	52
Spain	Galician	37
Spain	German	9
Spain	Greek	2
Spain	Hausa	1
Spain	Hebrew	1
Spain	Hindi	1
Spain	Indian Sign Language	1
Spain	Italian	13
Spain	Japanese	6
Spain	Mandarin	1
Spain	None	5
Spain	Persian	1
Spain	Portuguese	14
Spain	Russian	4
Spain	Somali	1
Spain	Spanish	2865
Spain	Swahili	1
Spain	Tagalog	1
Spain	Tamashek	1
Spain	Tamil	1
Spain	Tswana	1
Spain	Wolof	1
Sri Lanka	English	5
Sri Lanka	French	1
Sri Lanka	Shanghainese	2
Sri Lanka	Sinhala	85
Sri Lanka	Tamil	5
Sri Lanka	Thai	1
Sudan	Arabic	4
Sudan	English	3
Suriname	Dutch	2
Suriname	Sranan	1
Swaziland	English	1
Sweden	Arabic	2
Sweden	Bulgarian	1
Sweden	Danish	8
Sweden	Dari	3
Sweden	English	189
Sweden	Faroese	1
Sweden	Finnish	1
Sweden	French	7
Sweden	German	2
Sweden	Hebrew	2
Sweden	Icelandic	1
Sweden	Italian	1
Sweden	Japanese	1
Sweden	Kurdish	2
Sweden	Latvian	1
Sweden	Lithuanian	1
Sweden	Mongolian	1
Sweden	None	3
Sweden	Norwegian	5
Sweden	Persian	6
Sweden	Polish	2
Sweden	Portuguese	1
Sweden	Romany	1
Sweden	Russian	4
Sweden	Saami	2
Sweden	Scanian	2
Sweden	Serbo-Croatian	1
Sweden	Spanish	13
Sweden	Swedish	1002
Sweden	Turkish	2
Sweden	Uzbek	1
Switzerland	Arabic	7
Switzerland	Chechen	1
Switzerland	Chinese	2
Switzerland	Creoles and pidgins	1
Switzerland	Czech	1
Switzerland	Danish	1
Switzerland	Dutch	1
Switzerland	English	183
Switzerland	Finnish	1
Switzerland	French	284
Switzerland	German	307
Switzerland	Gujarati	2
Switzerland	Hebrew	2
Switzerland	Hindi	2
Switzerland	Inuktitut	1
Switzerland	Italian	57
Switzerland	Japanese	1
Switzerland	Korean	2
Switzerland	More	2
Switzerland	None	2
Switzerland	North American Indian	1
Switzerland	Persian	2
Switzerland	Polish	4
Switzerland	Portuguese	6
Switzerland	Romansch	1
Switzerland	Russian	11
Switzerland	Spanish	28
Switzerland	Swiss German	244
Switzerland	Tswana	1
Switzerland	Turkish	7
Switzerland	Urdu	1
Switzerland	Vietnamese	2
Syria	Arabic	40
Syria	English	2
Taiwan	Aboriginal	4
Taiwan	Burmese	3
Taiwan	Cantonese	9
Taiwan	Chinese	64
Taiwan	English	25
Taiwan	French	1
Taiwan	Hakka	5
Taiwan	Hokkien	2
Taiwan	Japanese	8
Taiwan	Mandarin	836
Taiwan	Min Nan	23
Taiwan	Sign Languages	1
Taiwan	Tagalog	2
Taiwan	Taiwanese	48
Tajikistan	English	2
Tajikistan	Persian	2
Tajikistan	Russian	1
Tajikistan	Tajik	10
Tanzania	English	6
Tanzania	Swahili	18
Tanzania	Thai	1
Thailand	Burmese	1
Thailand	Cantonese	2
Thailand	English	43
Thailand	Hmong	1
Thailand	Khmer	1
Thailand	Korean	1
Thailand	Lao	1
Thailand	Mandarin	1
Thailand	Taiwanese	2
Thailand	Thai	485
Thailand	Vietnamese	1
Timor-Leste	Portuguese	1
Togo	French	3
Tonga	Tonga (Tonga Islands)	1
Trinidad and Tobago	English	39
Trinidad and Tobago	Spanish	1
Tunisia	Arabic	41
Tunisia	English	3
Tunisia	French	8
Tunisia	German	1
Tunisia	None	1
Turkey	Arabic	4
Turkey	Armenian	1
Turkey	English	41
Turkey	French	6
Turkey	German	5
Turkey	Greek	2
Turkey	Hebrew	1
Turkey	Italian	2
Turkey	Kurdish	19
Turkey	Mandarin	1
Turkey	Russian	1
Turkey	Serbian	1
Turkey	Sign Languages	1
Turkey	Spanish	1
Turkey	Tatar	1
Turkey	Tibetan	1
Turkey	Turkish	1492
Turkmenistan	Russian	2
Turkmenistan	Turkmen	3
U.S. Virgin Islands	English	4
UK	Aboriginal	1
UK	Albanian	2
UK	Amharic	1
UK	Arabic	22
UK	Bemba	1
UK	Bengali	3
UK	Bosnian	2
UK	British Sign Language	1
UK	Bulgarian	2
UK	Cantonese	7
UK	Chinese	4
UK	Cornish	1
UK	Dari	3
UK	Dioula	1
UK	Dutch	2
UK	English	6856
UK	Faroese	1
UK	French	31
UK	German	10
UK	Greek	4
UK	Gujarati	1
UK	Hebrew	2
UK	Hindi	18
UK	Hungarian	2
UK	Ibo	1
UK	Icelandic	2
UK	Indonesian	3
UK	Irish Gaelic	3
UK	Italian	19
UK	Japanese	5
UK	Kazakh	2
UK	Khmer	1
UK	Korean	2
UK	Kurdish	2
UK	Latin	1
UK	Lithuanian	4
UK	Malagasy	1
UK	Malay	1
UK	Malayalam	2
UK	Mandarin	8
UK	Maya	1
UK	Mongolian	2
UK	Nepali	2
UK	None	7
UK	Norwegian	2
UK	Oriya	1
UK	Pashtu	1
UK	Persian	6
UK	Polish	2
UK	Portuguese	11
UK	Punjabi	3
UK	Romanian	2
UK	Romany	1
UK	Russian	9
UK	Scots	1
UK	Scottish Gaelic	2
UK	Serbian	1
UK	Serbo-Croatian	2
UK	Shona	1
UK	Sinhala	1
UK	Somali	2
UK	Spanish	24
UK	Swahili	3
UK	Swedish	2
UK	Tagalog	3
UK	Tamil	3
UK	Thai	1
UK	Tibetan	1
UK	Turkish	3
UK	Ukrainian	1
UK	Urdu	4
UK	Welsh	18
UK	Zulu	4
USA	Acholi	3
USA	Afrikaans	2
USA	Akan	1
USA	Albanian	3
USA	American Sign Language	13
USA	Amharic	5
USA	Arabic	44
USA	Aramaic	1
USA	Armenian	5
USA	Assyrian Neo-Aramaic	1
USA	Belarusian	1
USA	Bengali	11
USA	Berber	1
USA	Bosnian	2
USA	Bulgarian	6
USA	Burmese	2
USA	Cantonese	8
USA	Catalan	1
USA	Central Khmer	1
USA	Chinese	18
USA	Creole	7
USA	Croatian	1
USA	Czech	3
USA	Dari	1
USA	Dutch	7
USA	East-Greenlandic	1
USA	English	51536
USA	Esperanto	2
USA	Faroese	1
USA	Filipino	5
USA	Finnish	1
USA	Flemish	1
USA	French	52
USA	Fur	1
USA	Georgian	3
USA	German	33
USA	Gikuyu	1
USA	Greek	6
USA	Gujarati	1
USA	Haitian	1
USA	Hawaiian	2
USA	Hebrew	13
USA	Hindi	43
USA	Hmong	3
USA	Hokkien	1
USA	Hopi	1
USA	Hungarian	3
USA	Ibo	1
USA	Icelandic	1
USA	Indonesian	5
USA	Italian	39
USA	Japanese	46
USA	Kazakh	1
USA	Khmer	5
USA	Kinyarwanda	4
USA	Klingon	1
USA	Korean	21
USA	Kurdish	2
USA	Lao	2
USA	Latin	2
USA	Macedonian	1
USA	Malayalam	1
USA	Malecite-Passamaquoddy	1
USA	Mandarin	21
USA	Marathi	1
USA	Marshallese	1
USA	Masai	1
USA	Maya	3
USA	More	1
USA	Nepali	2
USA	None	37
USA	Norse, Old	1
USA	North American Indian	1
USA	Norwegian	2
USA	Pashtu	3
USA	Persian	17
USA	Polish	3
USA	Portuguese	27
USA	Punjabi	3
USA	Quechua	1
USA	Romanian	3
USA	Rotuman	1
USA	Russian	37
USA	Serbian	3
USA	Serbo-Croatian	2
USA	Sinhala	2
USA	Slovak	1
USA	Slovenian	1
USA	Somali	1
USA	Sotho	1
USA	Spanish	300
USA	Swahili	4
USA	Swedish	3
USA	Tagalog	2
USA	Tamil	7
USA	Telugu	3
USA	Thai	5
USA	Tibetan	10
USA	Tigrigna	1
USA	Tlingit	1
USA	Tonga (Tonga Islands)	1
USA	Turkish	3
USA	Uighur	1
USA	Ukrainian	2
USA	Urdu	5
USA	Vietnamese	7
USA	Wolof	2
USA	Yiddish	1
USA	Zulu	2
Uganda	English	16
Uganda	Swahili	1
Ukraine	Czech	1
Ukraine	English	14
Ukraine	Russian	100
Ukraine	Ukrainian	81
United Arab Emirates	Arabic	39
United Arab Emirates	English	19
United Arab Emirates	French	1
United Arab Emirates	Hindi	2
United Arab Emirates	Urdu	1
Uruguay	English	7
Uruguay	French	1
Uruguay	Italian	1
Uruguay	Spanish	104
Uzbekistan	Korean	1
Uzbekistan	Russian	8
Uzbekistan	Uzbek	36
Vanuatu	English	1
Venezuela	English	5
Venezuela	Japanese	1
Venezuela	Portuguese	1
Venezuela	Spanish	186
Venezuela	Spanish Sign Language	1
Vietnam	Central Khmer	1
Vietnam	English	9
Vietnam	Russian	1
Vietnam	Vietnamese	164
West Germany	Arabic	2
West Germany	English	49
West Germany	French	4
West Germany	German	817
West Germany	Greek	1
West Germany	Haitian	1
West Germany	Hungarian	3
West Germany	Italian	6
West Germany	None	2
West Germany	Russian	4
West Germany	Spanish	4
West Germany	Swiss German	1
West Germany	Turkish	2
Western Sahara	Spanish	1
Yemen	Arabic	6
Yugoslavia	Albanian	4
Yugoslavia	Croatian	13
Yugoslavia	English	16
Yugoslavia	French	1
Yugoslavia	German	3
Yugoslavia	Hungarian	1
Yugoslavia	Italian	1
Yugoslavia	Macedonian	10
Yugoslavia	Serbian	12
Yugoslavia	Serbo-Croatian	228
Yugoslavia	Slovenian	30
Zambia	English	2
Zimbabwe	English	12
Zimbabwe	French	1
Zimbabwe	Portuguese	1
